-4.279439099091728593e-01,-3.163714013751822013e-02,1.000000000000000000e+00
-2.202321325593390722e-01,1.125243230701900021e-02,1.000000000000000000e+00
-4.940528416620735275e-01,-3.039263502947715800e-02,1.000000000000000000e+00
-7.949911642133600242e-01,-3.362653996110966104e-02,1.000000000000000000e+00
-7.747865670959619422e-01,1.163609348147786118e-02,1.000000000000000000e+00
-3.540878645822464477e-01,6.936761070192923317e-02,1.000000000000000000e+00
-6.542674611451446687e-01,-1.912372491193888024e-02,1.000000000000000000e+00
-1.240319837112180856e+00,-1.857700750895894745e-02,1.000000000000000000e+00
-1.329117398372200887e+00,-1.390751012485291586e-02,1.000000000000000000e+00
-1.373584485734103078e+00,-5.741558224189114573e-02,1.000000000000000000e+00
-4.859017062743414272e-01,-2.551382740293114265e-02,1.000000000000000000e+00
-2.689663152044349109e-02,3.598542221167019828e-02,1.000000000000000000e+00
-6.939877739800890399e-01,-4.263808353702525783e-02,1.000000000000000000e+00
-1.095312251865941056e+00,-2.072650277568916302e-02,1.000000000000000000e+00
2.455985931975069592e-01,-1.244095143338426052e-01,1.000000000000000000e+00
-5.065861685121680891e-01,2.510991180789452423e-02,1.000000000000000000e+00
5.992076692491886403e-02,6.853650934048952093e-04,1.000000000000000000e+00
-3.452110075546258594e-01,-2.095696404203118649e-03,1.000000000000000000e+00
-2.511020006019917816e-01,-1.983889360657633757e-02,1.000000000000000000e+00
-1.401457331389291072e+00,-2.093877893207680696e-01,1.000000000000000000e+00
4.622444483497057943e-01,-1.309506939454392789e-02,1.000000000000000000e+00
-3.527380011829424622e-01,-1.042451352973719145e-02,1.000000000000000000e+00
1.275587474948457478e-01,-1.649745571530232199e-02,1.000000000000000000e+00
-9.617706993655404935e-01,-2.786872404480958410e-01,1.000000000000000000e+00
3.955494596162132392e-01,-4.633038089323850833e-02,1.000000000000000000e+00
-4.876108843253883496e-01,-1.709632758826141324e-02,1.000000000000000000e+00
-7.402383919808375179e-01,-3.699032510299501975e-02,1.000000000000000000e+00
-1.027288876714677501e+00,-3.363419348376477103e-02,1.000000000000000000e+00
-5.386282412782364970e-01,2.672744720600608859e-02,1.000000000000000000e+00
-3.373618437287656535e-01,-8.615477752989196894e-03,1.000000000000000000e+00
6.808400941842753795e-01,-1.600187989472738603e-02,1.000000000000000000e+00
3.811941209862770297e-01,-1.042906036733939369e-02,1.000000000000000000e+00
-4.462577025840022693e-01,-2.941037047291026468e-02,1.000000000000000000e+00
1.090668269615656244e-01,-1.076458184091490418e-02,1.000000000000000000e+00
-1.992489703079504126e-01,-2.328487168799370580e-02,1.000000000000000000e+00
-3.585184903368554554e-01,7.304151449305599716e-03,1.000000000000000000e+00
5.763238003711127488e-01,-3.739373495134081567e-03,1.000000000000000000e+00
-6.507389689187262904e-01,-1.826855188890591508e-02,1.000000000000000000e+00
-3.934973070691855090e-01,1.002242618273182541e-02,1.000000000000000000e+00
-5.515902985928075042e-01,-1.961051428089663484e-02,1.000000000000000000e+00
-9.605454150223354803e-01,-2.513730878807221483e-03,1.000000000000000000e+00
-9.060300354769990072e-01,-2.083710137857001932e-02,1.000000000000000000e+00
-1.293928888738630434e+00,-6.601417556900321393e-02,1.000000000000000000e+00
-3.542116682246063131e-01,-2.266599474091393618e-02,1.000000000000000000e+00
5.954097347659893513e-01,-2.263548692158460704e-02,1.000000000000000000e+00
-8.541416660526701676e-01,2.299124933765857998e-02,1.000000000000000000e+00
1.476673500447965581e-01,-1.948548704913807481e-03,1.000000000000000000e+00
6.329312452624408225e-01,-2.955973764035214630e-03,1.000000000000000000e+00
-4.855226009480209104e-01,-3.620065229831036149e-03,1.000000000000000000e+00
-3.745657593194897106e-01,-1.358851285139806540e-02,1.000000000000000000e+00
-4.457326162239687029e-01,1.059301098805053021e-02,1.000000000000000000e+00
-3.089963012051801239e-01,-3.298772514406204861e-03,1.000000000000000000e+00
5.882972492179040502e-01,-6.421239648977386527e-02,1.000000000000000000e+00
-1.307828207159774436e+00,-1.540158544976337300e-02,1.000000000000000000e+00
-1.653043818869774639e-01,3.654925344721775965e-02,1.000000000000000000e+00
-3.550199244481480054e-01,-3.870817799668117148e-02,1.000000000000000000e+00
-3.554036373953967654e-01,4.026918844629869682e-02,1.000000000000000000e+00
-1.216649935772504909e+00,-1.799226312750431406e-02,1.000000000000000000e+00
2.691665606446175946e-02,-4.459030474444457270e-02,1.000000000000000000e+00
-8.062060655963321221e-01,2.219662001069790114e-02,1.000000000000000000e+00
-6.861983790253347593e-01,5.845167729341847751e-02,1.000000000000000000e+00
-6.075306185677870063e-02,-3.067380631480679659e-02,1.000000000000000000e+00
-6.568188694235930214e-01,-4.183886939447017256e-02,1.000000000000000000e+00
-1.948785805930957349e-01,2.461015165024202714e-02,1.000000000000000000e+00
-6.966101196154311781e-01,1.599750212887475487e-02,1.000000000000000000e+00
-3.359543454995294054e-01,-2.004112320381443504e-02,1.000000000000000000e+00
-3.149133957630763092e-01,4.088334502885161703e-02,1.000000000000000000e+00
-1.538300500048505048e+00,-3.809616782260627499e-02,1.000000000000000000e+00
-1.550396150716795707e-01,-1.065967142776712631e-02,1.000000000000000000e+00
-4.369968571975939020e-01,-4.881899338332202840e-03,1.000000000000000000e+00
-2.037305830142186469e-01,6.923045385129623572e-03,1.000000000000000000e+00
1.805249127680644827e-01,9.817887304870025894e-03,1.000000000000000000e+00
-3.084991563398708503e-01,-1.847746332735983321e-02,1.000000000000000000e+00
-7.141642046608953631e-01,1.041058622445576939e-02,1.000000000000000000e+00
-6.245611270090211109e-01,-1.823725159765567094e-02,1.000000000000000000e+00
-3.905268466000155203e-01,1.377893573816654608e-02,1.000000000000000000e+00
-8.948018962334930437e-01,-2.508715944674619336e-02,1.000000000000000000e+00
-4.246027275163518633e-01,-1.975756891255127726e-02,1.000000000000000000e+00
-5.180520305191326225e-01,4.570649805962184037e-02,1.000000000000000000e+00
3.039928085557636397e-02,-1.390689715101064115e-02,1.000000000000000000e+00
-3.504763647406122784e-01,6.049782310332584706e-02,1.000000000000000000e+00
-5.711512275310439701e-01,3.890291440933991724e-03,1.000000000000000000e+00
-6.028323155233220598e-01,-2.259189876573479069e-02,1.000000000000000000e+00
-7.019902436193921347e-02,-1.312922774085365993e-02,1.000000000000000000e+00
-4.218794342244567286e-01,1.556414129104285310e-02,1.000000000000000000e+00
-8.481890125234498035e-02,-2.379659602534456991e-02,1.000000000000000000e+00
-7.928667682149663776e-01,-1.432044793335033456e-03,1.000000000000000000e+00
4.172663067861313163e-02,-1.574122326367818903e-02,1.000000000000000000e+00
-1.443332210770342350e+00,-5.626462691462390947e-02,1.000000000000000000e+00
-4.479600851073824996e-01,-4.108283289438179747e-02,1.000000000000000000e+00
-5.938699886900792313e-01,-1.087627867190852672e-02,1.000000000000000000e+00
-1.661953410158878985e-01,6.214343639399562587e-03,1.000000000000000000e+00
-4.610234256582655954e-01,2.361274552791668702e-02,1.000000000000000000e+00
-2.294719517229941441e-01,7.726736251853451309e-02,1.000000000000000000e+00
6.654941035365097290e-03,-5.781342595523691202e-03,1.000000000000000000e+00
-8.567604729305215716e-02,-1.515983204828114973e-02,1.000000000000000000e+00
-3.765737515594356211e-01,-1.584853738026723285e-03,1.000000000000000000e+00
-9.835703372854294468e-02,-1.078613785780736106e-02,1.000000000000000000e+00
-3.271978824295107002e-01,-1.704827813916726456e-02,1.000000000000000000e+00
2.351365218255952183e-01,-1.261240265823683308e-02,1.000000000000000000e+00
-8.503246689697909755e-01,-2.581411221446149387e-02,1.000000000000000000e+00
-2.075322477758321238e-01,-6.895786756915156523e-02,1.000000000000000000e+00
-6.354581962566804298e-01,-1.125810649686199115e-02,1.000000000000000000e+00
3.183813232186915032e-01,-2.628879959829596210e-03,1.000000000000000000e+00
1.896893346391331781e-02,-1.129273374068144771e-02,1.000000000000000000e+00
-1.340381309209190686e-01,9.629346983335132504e-03,1.000000000000000000e+00
-9.132686951877208581e-02,-2.363753047624481129e-01,1.000000000000000000e+00
-1.165365515165557309e-01,-3.675047379238434442e-02,1.000000000000000000e+00
6.311851960145094254e-02,1.509089000798377427e-02,1.000000000000000000e+00
6.899618654863945433e-02,-3.986127662223054938e-03,1.000000000000000000e+00
-6.905545582472365496e-01,-2.236370514832698372e-02,1.000000000000000000e+00
7.801313257181091698e-01,-1.192891534641365645e-02,1.000000000000000000e+00
-4.312732033470521170e-02,-1.091660471686796793e-04,1.000000000000000000e+00
-6.717603070421188649e-01,-1.548665584078718661e-02,1.000000000000000000e+00
4.127929531546454256e-01,-8.970891872951487073e-03,1.000000000000000000e+00
-3.429152879229701023e-01,5.795644096378469584e-02,1.000000000000000000e+00
-1.364299302931202718e+00,-1.061218897714696907e-02,1.000000000000000000e+00
-4.107087892568250798e-01,6.433724396110472588e-02,1.000000000000000000e+00
4.389499420542733454e-01,8.571209241641065220e-04,1.000000000000000000e+00
9.263175742723324391e-02,-1.580761804845052382e-02,1.000000000000000000e+00
-7.982633282937522112e-02,-2.210778110270457744e-02,1.000000000000000000e+00
-2.429435112895826088e-01,-1.611248476721036452e-02,1.000000000000000000e+00
1.233801568177246011e-01,2.985273894929224570e-03,1.000000000000000000e+00
-1.489297807840943788e+00,-8.767258017586194996e-02,1.000000000000000000e+00
-1.098784984779961560e+00,-1.601138695653690769e-02,1.000000000000000000e+00
-4.542668581552983809e-01,-3.309080435893672900e-02,1.000000000000000000e+00
-1.215328267299512210e-01,-1.601363051674100507e-02,1.000000000000000000e+00
1.316664667774965491e-01,-1.991309579465353613e-02,1.000000000000000000e+00
-1.208804835464896588e+00,2.703270011135584447e-02,1.000000000000000000e+00
-1.763119942989446187e+00,-3.911718779113439182e-02,1.000000000000000000e+00
-2.587721394677652276e-01,2.467805280137395224e-02,1.000000000000000000e+00
-4.959119561502710050e-01,-3.175344755481232517e-02,1.000000000000000000e+00
-1.171854006349215549e+00,-8.081295590475913448e-03,1.000000000000000000e+00
-1.593557782425247149e+00,-5.015780700683022258e-02,1.000000000000000000e+00
-5.152981525554772846e-01,1.573773718345954087e-02,1.000000000000000000e+00
-2.418855857094273920e-01,-1.804891625649310445e-03,1.000000000000000000e+00
-1.272323363310057520e-01,-1.078467362586790247e-02,1.000000000000000000e+00
2.934000846935990725e-01,4.576283294758264064e-02,1.000000000000000000e+00
4.764737079872434222e-01,-7.169249393564278150e-02,1.000000000000000000e+00
-8.266278004775650112e-01,-2.514729004658104727e-02,1.000000000000000000e+00
-6.631050381649915559e-01,1.196197080225087778e-01,1.000000000000000000e+00
1.573339088247255879e-01,-1.113985957940745973e-02,1.000000000000000000e+00
2.736176723479630812e-01,-1.396071430230048753e-02,1.000000000000000000e+00
-1.229952410713931327e-01,-2.482391962948933203e-02,1.000000000000000000e+00
-6.479046830412098501e-01,-1.320666164164569119e-02,1.000000000000000000e+00
-9.113379676717362488e-01,-1.966265055370066892e-02,1.000000000000000000e+00
1.098265212656828194e-01,1.520116347230397822e-03,1.000000000000000000e+00
3.057054848041675932e-01,-9.375070803898440108e-03,1.000000000000000000e+00
-1.430287715464053644e+00,-5.816142608502208877e-02,1.000000000000000000e+00
2.755230048391956177e-01,2.764042923695227486e-02,1.000000000000000000e+00
-7.927713088359855664e-01,-3.408796196193345646e-02,1.000000000000000000e+00
-8.614225679350651088e-01,-5.716819408898895366e-02,1.000000000000000000e+00
-1.796473697207476017e-01,1.584505900613173215e-02,1.000000000000000000e+00
-7.145126161980179802e-01,-3.881219915369323037e-02,1.000000000000000000e+00
-8.011891883544117743e-01,-1.350009277492541897e-02,1.000000000000000000e+00
-2.157988930299553632e-01,9.591320210771691083e-04,1.000000000000000000e+00
-2.428180328932255105e-01,2.685898344134295471e-02,1.000000000000000000e+00
-5.536140514073095709e-01,-2.632001473224671820e-03,1.000000000000000000e+00
-1.808626194662853459e+00,-8.863446459339445471e-02,1.000000000000000000e+00
-5.189901118393969170e-01,3.288665574704566219e-02,1.000000000000000000e+00
-7.437521000458268139e-01,1.683848377756296325e-02,1.000000000000000000e+00
5.650180714775485669e-01,1.701190549024119130e-03,1.000000000000000000e+00
-5.048810681223501184e-01,-6.152140609920749015e-02,1.000000000000000000e+00
-1.848200397311108578e-01,-1.126540137747222663e-02,1.000000000000000000e+00
-1.698682277100712901e-01,3.042731221468182937e-02,1.000000000000000000e+00
-8.062637597426901559e-01,-3.081060623781550073e-02,1.000000000000000000e+00
1.132053731304098060e-02,1.893338798513973745e-03,1.000000000000000000e+00
-2.742059465917836003e-01,-1.806430564542307188e-02,1.000000000000000000e+00
-1.363331699109663064e-01,-2.506950987272810183e-02,1.000000000000000000e+00
4.046157449270100792e-01,-8.388377974794527028e-03,1.000000000000000000e+00
-5.115112609417113987e-01,-1.453159065372366422e-02,1.000000000000000000e+00
-9.056430497071986663e-01,-1.475880643162832788e-02,1.000000000000000000e+00
-4.408992951230238933e-01,-3.344813252239919182e-02,1.000000000000000000e+00
-3.138159094073020849e-01,3.019935544030096300e-02,1.000000000000000000e+00
-8.560089987408250334e-01,-2.358185362108451005e-02,1.000000000000000000e+00
-6.501738254388927940e-01,4.634332827414795741e-02,1.000000000000000000e+00
-7.576954870599651448e-01,-2.101137429319795830e-02,1.000000000000000000e+00
-1.489151147213344295e+00,-5.461594278029999194e-02,1.000000000000000000e+00
-7.267199986369445863e-01,-3.614108104115907466e-02,1.000000000000000000e+00
1.655047948774578948e-01,1.946097585316427722e-02,1.000000000000000000e+00
-2.849597542014127849e-01,1.628686292950377347e-03,1.000000000000000000e+00
-1.688268175490663936e-01,3.773319262614904107e-02,1.000000000000000000e+00
-6.427335390797439540e-01,-1.796442189129970196e-02,1.000000000000000000e+00
-2.075164598526893778e-01,-3.185325635971165276e-02,1.000000000000000000e+00
-9.115465267686515549e-01,-1.091956235561480741e-02,1.000000000000000000e+00
-1.063719886982361813e-02,-4.865465942701498181e-02,1.000000000000000000e+00
-5.401351116037090838e-01,3.600337838019598141e-02,1.000000000000000000e+00
-1.117910745466606848e+00,-2.434664249211467013e-02,1.000000000000000000e+00
2.076022602554098984e-01,1.758877650016968386e-02,1.000000000000000000e+00
-3.046188565244891677e-01,6.788835039919335207e-03,1.000000000000000000e+00
1.191957613925824500e-01,5.501492542190109837e-03,1.000000000000000000e+00
-2.600439090444032209e-01,3.010222823184569366e-02,1.000000000000000000e+00
-3.315968434282091648e-01,-1.833454057146002153e-02,1.000000000000000000e+00
-1.441830427223106614e+00,-4.447525435927431048e-02,1.000000000000000000e+00
7.890191747884250928e-01,-1.928695107057794636e-02,1.000000000000000000e+00
-3.330889702911251637e-01,6.230959288401081986e-02,1.000000000000000000e+00
-5.630789241177054372e-01,-4.633300627171112185e-02,1.000000000000000000e+00
1.116259422714688809e-01,1.495114613314979177e-02,1.000000000000000000e+00
1.785403844581695543e-01,-1.387139594478800468e-02,1.000000000000000000e+00
-6.298203972459099909e-01,-2.039935912336343291e-02,1.000000000000000000e+00
-2.996665834807510018e-02,-1.831114433106024314e-02,1.000000000000000000e+00
-5.364669839475211255e-01,-1.937098661379543091e-02,1.000000000000000000e+00
-8.657309920673879056e-01,-2.286612856412837541e-02,1.000000000000000000e+00
-2.364420940016328035e-02,-2.588327052341359708e-02,1.000000000000000000e+00
1.177031063356320656e-01,1.395426938529818056e-02,1.000000000000000000e+00
1.469434831167931721e-01,-1.636500939784849701e-02,1.000000000000000000e+00
-8.078320506004538215e-01,-3.442929932661139003e-01,1.000000000000000000e+00
-3.782712658540127726e-01,-3.952222679281110207e-02,1.000000000000000000e+00
-7.183021243863305649e-01,-3.953289064898970334e-02,1.000000000000000000e+00
6.341337875325758766e-01,-1.498181741888592912e-02,1.000000000000000000e+00
-7.903900726389760933e-01,1.043415554115266920e-03,1.000000000000000000e+00
-6.620305567618948173e-01,-4.490929953815350761e-02,1.000000000000000000e+00
3.614528922823579404e-01,1.740359261394053888e-03,1.000000000000000000e+00
-6.759281060249886508e-01,-3.659246894397265304e-02,1.000000000000000000e+00
-3.108191361008558196e-01,4.169997283957920658e-02,1.000000000000000000e+00
-1.129553615140757694e+00,-1.239162414067747874e-02,1.000000000000000000e+00
-5.907860795335200255e-01,-4.840761540416248232e-02,1.000000000000000000e+00
-1.611521093675603034e-01,-7.398889071799070669e-03,1.000000000000000000e+00
6.501445460113562946e-01,-1.196909402996546197e-02,1.000000000000000000e+00
-5.017981473512937995e-01,3.128249477972098319e-02,1.000000000000000000e+00
-2.333249897487136015e-01,-8.499459720250452169e-03,1.000000000000000000e+00
-4.507855683888211118e-01,5.588969684382027667e-03,1.000000000000000000e+00
1.860543685481689524e-01,-4.955970754880289000e-03,1.000000000000000000e+00
2.457247578273356187e-02,6.183432870628991634e-03,1.000000000000000000e+00
5.740703342360250483e-01,6.464628917396151274e-03,1.000000000000000000e+00
-8.746321653109254135e-02,-1.042137613005112567e-02,1.000000000000000000e+00
2.780175261069853798e-01,-9.295535000529091263e-03,1.000000000000000000e+00
-6.926767941434166520e-01,1.807611929336545853e-02,1.000000000000000000e+00
1.272634699362757971e-01,2.217697388152884048e-04,1.000000000000000000e+00
3.890967567428850193e-01,6.912341975828000668e-03,1.000000000000000000e+00
-3.156564648343148094e-01,-8.651777035876325600e-03,1.000000000000000000e+00
-3.535189406730473993e-01,1.045425025385604730e-02,1.000000000000000000e+00
-4.391439801405376819e-01,1.918441466664960390e-02,1.000000000000000000e+00
-5.119391321548865115e-01,2.285759479375216313e-02,1.000000000000000000e+00
-7.340689857292694853e-01,7.454164805029753205e-02,1.000000000000000000e+00
2.706088905082899565e-01,-4.467870885549254240e-03,1.000000000000000000e+00
2.277449812382845440e-01,1.453926102483317148e-02,1.000000000000000000e+00
-5.465499151095900426e-02,1.577471798834654410e-02,1.000000000000000000e+00
-5.858005435035417152e-01,4.513307072432440337e-02,1.000000000000000000e+00
1.411429439210247772e-01,-1.301600697648953343e-03,1.000000000000000000e+00
2.637059724419147377e-01,2.000511810994616904e-02,1.000000000000000000e+00
-2.817358083193400309e-01,1.301014605410650941e-03,1.000000000000000000e+00
-2.619569181197392571e-01,-3.431985474155088006e-02,1.000000000000000000e+00
1.641007923867552065e-01,-2.079678968560019076e-02,1.000000000000000000e+00
-3.077291292812037726e-01,3.046614492635673146e-03,1.000000000000000000e+00
7.458384500100549708e-02,1.501157963074230099e-02,1.000000000000000000e+00
-1.066760939053776447e+00,-2.841437566341628584e-02,1.000000000000000000e+00
-6.114191880876247431e-01,3.331736047031604725e-02,1.000000000000000000e+00
-5.331366441359093322e-01,-2.883090834333815883e-02,1.000000000000000000e+00
-6.132313988625525125e-01,3.392646949110252746e-02,1.000000000000000000e+00
-5.504494380074949067e-01,-1.536146696743934635e-03,1.000000000000000000e+00
2.046443650348429844e-01,4.350221118320810043e-02,1.000000000000000000e+00
-4.052657508054994806e-01,-2.636885989543046385e-02,1.000000000000000000e+00
-4.666339346068641980e-01,-2.211814555379539981e-03,1.000000000000000000e+00
-9.583171382514783510e-01,-5.801211168310806132e-02,1.000000000000000000e+00
-1.311974771072089929e+00,3.901522484358121989e-02,1.000000000000000000e+00
-8.907131412133079129e-01,5.060061296269743880e-02,1.000000000000000000e+00
2.419269843478190074e-01,-1.757005113672866631e-02,1.000000000000000000e+00
-8.143912338036611853e-01,-2.610773412336256719e-02,1.000000000000000000e+00
-7.792418820666163759e-01,-1.327073458019628095e-02,1.000000000000000000e+00
5.388490163688709478e-01,-4.680822674387588589e-03,1.000000000000000000e+00
-3.948004186176229391e-01,-2.867694901717554590e-02,1.000000000000000000e+00
-2.813026761914995677e-01,1.046552864469666496e-03,1.000000000000000000e+00
-7.331746479442402542e-01,7.424104879328603801e-02,1.000000000000000000e+00
-1.077416356579018908e+00,-2.911682111638600606e-02,1.000000000000000000e+00
-8.182647136172586100e-01,-3.246171688762669594e-02,1.000000000000000000e+00
-7.301867733121742976e-01,1.488457422054077946e-02,1.000000000000000000e+00
-1.221385074101855706e+00,-2.434570715436337629e+00,1.000000000000000000e+00
5.166970901323549858e-01,-1.089028385315066904e-04,1.000000000000000000e+00
1.665213913056498296e-01,7.354429397716035237e-04,1.000000000000000000e+00
-9.376599061280280756e-01,-3.006731514807136491e-02,1.000000000000000000e+00
-5.235116190752007181e-01,-1.263511244383207742e-02,1.000000000000000000e+00
-3.596421838782338232e-01,-1.376382946393843627e-02,1.000000000000000000e+00
-8.144122005171854362e-01,-2.662073141351522371e-02,1.000000000000000000e+00
7.916450483503902069e-02,-1.753234528663341965e-02,1.000000000000000000e+00
-9.801072844369952408e-01,-5.788834682766877404e-02,1.000000000000000000e+00
2.964174074589102648e-01,-2.344685590458166213e-02,1.000000000000000000e+00
-8.226844225456875215e-01,2.679805242020776718e-02,1.000000000000000000e+00
4.109035477431231542e-01,-3.939584267789288455e-03,1.000000000000000000e+00
-1.063718932009691143e+00,-2.784453498643298108e-02,1.000000000000000000e+00
-4.453270599208878355e-01,1.079258262026290723e-02,1.000000000000000000e+00
-7.833752399302249536e-01,9.111415971974770600e-02,1.000000000000000000e+00
-8.282469809056813848e-01,-3.088648535226958675e-02,1.000000000000000000e+00
-1.000109755103512743e+00,1.533768519160366196e-02,1.000000000000000000e+00
-1.068161368794586341e+00,-2.844227128204378924e-02,1.000000000000000000e+00
-1.405303834946699748e+00,-4.383286101008813246e-02,1.000000000000000000e+00
-1.303299237678526623e+00,-1.536305085280693754e-02,1.000000000000000000e+00
3.680652577535806214e-01,2.797681471735524554e-03,1.000000000000000000e+00
-4.330662803949151263e-01,-4.747968060676921800e-03,1.000000000000000000e+00
6.442810705772512581e-01,-7.677692239418595910e-03,1.000000000000000000e+00
2.415862671512631343e-01,-6.111055677516318008e-03,1.000000000000000000e+00
-3.585785750919570636e-01,7.581688367774012255e-03,1.000000000000000000e+00
1.730665982241167966e-01,-1.027307998020802159e-02,1.000000000000000000e+00
-6.877802415690655868e-01,-4.472787439921719482e-03,1.000000000000000000e+00
-1.615230589713274045e-01,3.527829869388841161e-02,1.000000000000000000e+00
-8.719634280008522476e-01,4.429857590780707927e-02,1.000000000000000000e+00
-6.154826151938184164e-01,-4.697702196072151351e-03,1.000000000000000000e+00
-8.226571737998966682e-01,2.772606423835690878e-02,1.000000000000000000e+00
4.604437159497538207e-02,1.792393088862303738e-02,1.000000000000000000e+00
-5.410582841434827817e-01,-3.281583643295785113e-02,1.000000000000000000e+00
-7.158203430052871852e-01,-1.310101877762935400e-03,1.000000000000000000e+00
-2.773606228737949264e-01,2.826134043707374810e-02,1.000000000000000000e+00
-8.947880526178153548e-01,-2.461568677591639831e-02,1.000000000000000000e+00
1.319016673970755359e-02,-1.359176707987838802e-02,1.000000000000000000e+00
4.406263456619533697e-02,6.146481206281100354e-03,1.000000000000000000e+00
-8.542409706516126411e-01,3.879483895561723281e-03,1.000000000000000000e+00
-1.210475292715832707e-01,5.231364998647985293e-02,1.000000000000000000e+00
3.403110322991431680e-01,-1.335923454792535374e-03,1.000000000000000000e+00
-3.013023543897109802e-01,5.368671593911559028e-03,1.000000000000000000e+00
-8.270404534376370187e-02,-3.593924306172813915e-02,1.000000000000000000e+00
6.373837091615626449e-02,-6.096152578508623465e-03,1.000000000000000000e+00
5.243812753793489906e-02,-1.226461089220159083e-02,1.000000000000000000e+00
-2.237853605156043535e-01,-1.081052626795059139e-02,1.000000000000000000e+00
-3.485403126769117121e-01,-2.454969812353878511e-02,1.000000000000000000e+00
-1.587345075610011036e-01,-2.568926230649399775e-02,1.000000000000000000e+00
-1.135458196267753683e+00,-1.062658989828962029e-02,1.000000000000000000e+00
2.180907011227042891e-01,-5.012192154354049023e-03,1.000000000000000000e+00
-3.280406743006490378e-01,1.177149907605372359e-02,1.000000000000000000e+00
-2.439657048492996083e-01,-1.189919619236467357e-01,1.000000000000000000e+00
-4.035655911732016765e-01,-7.911907037566429102e-02,1.000000000000000000e+00
2.543870551374565747e-01,-4.794218957783043938e-02,1.000000000000000000e+00
-3.051749778828792836e-01,1.420276514181017559e-02,1.000000000000000000e+00
-6.074637553282249414e-01,1.351903161627031422e-03,1.000000000000000000e+00
-1.374553542767919523e-01,-7.396827931989844590e-03,1.000000000000000000e+00
-8.259434984174977012e-01,-2.619756657037678252e-02,1.000000000000000000e+00
8.093045346578177368e-02,3.037762612191082304e-02,1.000000000000000000e+00
-6.096784753634673093e-01,-4.385901198334551943e-02,1.000000000000000000e+00
-3.005671385232469017e-01,-4.255481082153936626e-03,1.000000000000000000e+00
-5.499111406014068892e-01,-3.933023195225410218e-02,1.000000000000000000e+00
6.323889253202003013e-01,-2.280706357364575138e-02,1.000000000000000000e+00
-2.068868110594584420e-01,-5.299580475779452210e-03,1.000000000000000000e+00
5.400666761788673886e-01,-1.530333983241429809e-02,1.000000000000000000e+00
-1.489194499893697676e+00,-5.484078788838252227e-02,1.000000000000000000e+00
-2.210393995534631062e-01,-2.621430811009932763e-02,1.000000000000000000e+00
-7.643577900500861944e-01,-1.101430531947373247e-02,1.000000000000000000e+00
-8.691503679370299329e-01,1.499187836282114827e-02,1.000000000000000000e+00
-1.449712311977877865e+00,8.719415989334351746e-03,1.000000000000000000e+00
4.994719945406937422e-01,-3.001107242110075818e-02,1.000000000000000000e+00
-5.673095307429599776e-01,4.401871150134263611e-02,1.000000000000000000e+00
-6.439707482509755554e-01,2.685388518476551113e-03,1.000000000000000000e+00
-5.230171859134858936e-01,-2.053503383398491006e-02,1.000000000000000000e+00
2.632442286569116607e-01,-1.558335998882261729e-02,1.000000000000000000e+00
3.000045203815268624e-01,-6.089995802111976275e-02,1.000000000000000000e+00
-7.000073761582519261e-01,-1.349822334162457081e-02,1.000000000000000000e+00
-3.419391508163162341e-02,1.408719051588063972e-02,1.000000000000000000e+00
-2.189299811167368381e-01,1.384735222021364967e-02,1.000000000000000000e+00
-4.314719363257322193e-01,-2.849233981242897673e-02,1.000000000000000000e+00
6.065949753823981494e-01,-1.336708176263337079e-02,1.000000000000000000e+00
7.989380344809213219e-02,-3.581283002208652394e-02,1.000000000000000000e+00
-6.861514298788201627e-01,5.855194982037851409e-02,1.000000000000000000e+00
-1.399124528890077490e-01,-2.406483101380305079e-02,1.000000000000000000e+00
-2.632150971396772232e-01,-1.042472849685143789e-02,1.000000000000000000e+00
3.517933701745249442e-01,-1.858423907636572170e-02,1.000000000000000000e+00
-4.889076018227844211e-01,3.591065385086968098e-02,1.000000000000000000e+00
-3.077895582967643540e-01,-1.679341277688883860e-02,1.000000000000000000e+00
1.591896107431547136e-01,1.843652292205567866e-02,1.000000000000000000e+00
-8.503137973442832787e-02,1.467769404626162108e-02,1.000000000000000000e+00
-1.292985811824377829e-01,-2.243721596264041870e-02,1.000000000000000000e+00
-6.218660348014689587e-01,-3.660480933076972615e-02,1.000000000000000000e+00
-6.802813098302382677e-01,-8.624547180110446291e-04,1.000000000000000000e+00
-3.217515729599917940e-01,-1.536714350215879522e-03,1.000000000000000000e+00
-1.364000419077426862e-01,-1.921233458016771863e-04,1.000000000000000000e+00
-4.021807965353159653e-01,-1.835328075607056339e-02,1.000000000000000000e+00
3.466566296870382535e-01,3.406557900728961197e-02,1.000000000000000000e+00
-1.538086943241833149e-01,-2.885141667283974004e-02,1.000000000000000000e+00
4.059023882101308045e-01,-1.667511672496529637e-02,1.000000000000000000e+00
1.968635081227702588e-01,4.181505544285363599e-03,1.000000000000000000e+00
-5.156886638851946314e-01,2.676586770105815385e-04,1.000000000000000000e+00
4.473246990546996676e-02,4.248619889310035688e-03,1.000000000000000000e+00
2.411652145983773643e-01,-2.050933474106570245e-02,1.000000000000000000e+00
-5.382618446483813379e-01,2.164349657857412082e-03,1.000000000000000000e+00
2.258009561938034704e-01,-2.413780107034199564e-03,1.000000000000000000e+00
-1.400562959142717112e+00,-7.800358968359368678e-03,1.000000000000000000e+00
-4.426552220696122197e-01,2.301873357470401657e-03,1.000000000000000000e+00
-8.711249933656349531e-02,3.923998764486563619e-04,1.000000000000000000e+00
-3.496143635503676794e-01,-9.414069976319067862e-03,1.000000000000000000e+00
-5.142121203214007341e-01,1.705775815818507193e-02,1.000000000000000000e+00
-7.070877277705897024e-01,-3.886306125934966410e-02,1.000000000000000000e+00
-2.521797115246056653e-01,3.293283341616784488e-02,1.000000000000000000e+00
-2.147086994415545458e-01,5.315472556151566719e-02,1.000000000000000000e+00
-2.886203372595312344e-01,-1.300497891873388275e-02,1.000000000000000000e+00
-9.941677304681906246e-01,-3.695947365372967419e-02,1.000000000000000000e+00
-5.120773622847187845e-01,-3.013996583154668774e-03,1.000000000000000000e+00
-7.240891457407059306e-01,-1.321539858464716895e-02,1.000000000000000000e+00
-8.731691842668249937e-01,-2.698560124641893182e-02,1.000000000000000000e+00
-8.944038005224330679e-01,-1.181998578414766680e-03,1.000000000000000000e+00
-1.102426575095139388e-01,-7.328684279698870208e-02,1.000000000000000000e+00
-5.679819556580112394e-02,6.957355211806372057e-03,1.000000000000000000e+00
-1.400587474645383024e+00,-7.927506604945816493e-03,1.000000000000000000e+00
-8.279660758175461099e-01,-2.504059939692768189e-02,1.000000000000000000e+00
-2.886842792586019613e-01,-1.443548627442816333e-02,1.000000000000000000e+00
-5.396445553556715735e-01,1.921483663822431357e-03,1.000000000000000000e+00
-4.858344997265096610e-01,2.174259750224101853e-02,1.000000000000000000e+00
-2.821688915159780153e-01,-1.582211405283870387e-02,1.000000000000000000e+00
-2.160052154261767332e-01,-3.850288088241927541e-03,1.000000000000000000e+00
-6.568377656298259870e-01,-4.439922579180334561e-03,1.000000000000000000e+00
-6.763619077644154876e-02,4.499391713531018279e-03,1.000000000000000000e+00
-1.169483553228796602e+00,-1.939687562496493142e-02,1.000000000000000000e+00
-5.745209786100228255e-01,3.623308651795106167e-02,1.000000000000000000e+00
-6.331574842502488698e-01,-2.682004047165216676e+00,1.000000000000000000e+00
-3.255084092158892495e-01,-3.037598790925494924e-02,1.000000000000000000e+00
-4.801478492427537770e-01,2.330398428199595591e-03,1.000000000000000000e+00
-6.216862656170828449e-01,-1.887068081623150678e-02,1.000000000000000000e+00
-1.025359905008446648e-01,1.545193190906808678e-02,1.000000000000000000e+00
-4.177880206885018488e-01,-6.237529017599505524e-03,1.000000000000000000e+00
-4.889413477242912087e-01,-1.651886131385115614e-02,1.000000000000000000e+00
-1.255787081163926455e+00,-6.095822310844513370e-02,1.000000000000000000e+00
-5.495059572451931745e-02,4.541474627371534095e-02,1.000000000000000000e+00
-2.010568405739204256e-01,1.027586144702536709e-02,1.000000000000000000e+00
1.224366069406666452e-01,-1.370357698831426406e-02,1.000000000000000000e+00
-5.269034123474433118e-01,-1.210787866759700619e-02,1.000000000000000000e+00
-9.996128341900851755e-01,2.624550836912531784e-02,1.000000000000000000e+00
-5.260962253685170786e-01,4.639136617183198946e-03,1.000000000000000000e+00
-1.201603391875489396e-01,4.052622280496497031e-02,1.000000000000000000e+00
-4.660193300040779141e-01,-3.108571019980234384e-02,1.000000000000000000e+00
-3.046451567446190056e-01,-1.993048529538627919e-02,1.000000000000000000e+00
-7.028780690199496473e-01,-1.585603161376065821e-03,1.000000000000000000e+00
-9.912993569308876651e-01,-1.967492974631816077e-02,1.000000000000000000e+00
6.048038614584819728e-01,-1.125802624461902657e-01,1.000000000000000000e+00
-5.418948579344098349e-01,5.590297948063430167e-02,1.000000000000000000e+00
-1.279205211419155219e+00,-1.679796009110426022e-02,1.000000000000000000e+00
-2.098955863726781612e-01,-1.352220236498996066e-02,1.000000000000000000e+00
-7.073265974656766097e-01,9.581363853847748441e-03,1.000000000000000000e+00
-3.585947851149751120e-01,4.682100883477371273e-02,1.000000000000000000e+00
3.387223206173902712e-01,-1.094548378725917516e-02,1.000000000000000000e+00
-6.915100211464619839e-01,-4.301596392679093300e-02,1.000000000000000000e+00
-7.472189971258492713e-01,2.370253225877550721e-03,1.000000000000000000e+00
-1.489333587560465189e+00,-9.573716597296798303e-02,1.000000000000000000e+00
-1.041991449782675161e-01,1.601094105368598003e-02,1.000000000000000000e+00
6.154977792357205768e-01,-9.437337991685999447e-03,1.000000000000000000e+00
-3.218488661675244500e-01,-5.497043136339832938e-04,1.000000000000000000e+00
-7.676629552133844570e-01,-3.652559111049330509e-02,1.000000000000000000e+00
3.355789551047114738e-01,-2.857302802324565572e-02,1.000000000000000000e+00
-5.265074769513835573e-01,2.644547684855223877e-03,1.000000000000000000e+00
-1.930722698011402005e-01,2.947153478168238264e-02,1.000000000000000000e+00
5.578255697023656312e-01,-1.328082142871523329e-04,1.000000000000000000e+00
-6.501521810345265440e-01,-3.595964717879333861e-02,1.000000000000000000e+00
-8.072214878784944592e-01,-6.346242987609455877e-02,1.000000000000000000e+00
-7.125569344930032800e-01,-1.361206080540344233e-02,1.000000000000000000e+00
-5.793877742606555747e-01,2.255116076524603386e-02,1.000000000000000000e+00
-4.974071290294791725e-02,2.113686353363773175e-03,1.000000000000000000e+00
-7.199387180249849916e-01,-8.052060066430795360e-02,1.000000000000000000e+00
-6.814174666211899600e-01,1.560897145155965351e-02,1.000000000000000000e+00
-2.031612898516935439e-01,1.426430130877971540e-02,1.000000000000000000e+00
-2.064671568549245051e-01,-3.094603995745762864e-02,1.000000000000000000e+00
-7.893832099656519219e-01,-3.245990409423981510e-02,1.000000000000000000e+00
-4.592756861367193189e-01,-1.805715330926881829e-02,1.000000000000000000e+00
2.503098167109162886e-01,-2.240534610089892423e-02,1.000000000000000000e+00
-5.703508835710965341e-01,4.654211146569734586e-02,1.000000000000000000e+00
2.609756091865899075e-01,8.157615016239849748e-03,1.000000000000000000e+00
-3.044736543140079132e-01,1.509929234253772762e-03,1.000000000000000000e+00
-1.783036600430606966e-01,4.091849001623588250e-02,1.000000000000000000e+00
-2.200604847144071730e-01,3.963634763422933110e-02,1.000000000000000000e+00
-1.016465061791534064e+00,1.628163319117539171e-02,1.000000000000000000e+00
3.525249266205350285e-01,-2.096745847059882512e-02,1.000000000000000000e+00
-1.137474584386495005e-03,1.101839034545493319e-02,1.000000000000000000e+00
-5.562865100334486446e-01,-6.099444379564174235e-03,1.000000000000000000e+00
-1.105053249862161246e+00,-3.053395062076520033e-02,1.000000000000000000e+00
8.856684813462382955e-02,-1.236504945724555340e-03,1.000000000000000000e+00
-9.018667066224407280e-01,-1.279566762234504163e-01,1.000000000000000000e+00
-3.882666656054475918e-01,2.098076362789795882e-02,1.000000000000000000e+00
-3.172753379349500524e-01,-1.785607311178883869e-02,1.000000000000000000e+00
2.326363520605992108e-01,-1.620584252503097511e-02,1.000000000000000000e+00
-2.798323600075560691e-01,-6.470074776312835507e-02,1.000000000000000000e+00
-7.703683733254356181e-01,-3.122194648345166107e-02,1.000000000000000000e+00
3.995274354207427048e-01,-5.332444875002142343e-03,1.000000000000000000e+00
4.687924597966808271e-01,-6.921621599689424184e-03,-1.000000000000000000e+00
2.023069445350087481e-01,4.223984016619902054e-02,-1.000000000000000000e+00
-1.598078160260254788e-01,-4.124632617804140783e-03,-1.000000000000000000e+00
1.657327154195216423e-01,-3.411808477098543079e-03,-1.000000000000000000e+00
-6.799838604451369055e-03,2.703784818234014273e-02,-1.000000000000000000e+00
-6.613297495980740015e-01,2.785920969233333586e-02,-1.000000000000000000e+00
5.219530110130996547e-01,-6.454026332834976454e-03,-1.000000000000000000e+00
-1.746673180054804653e-01,-2.171723622173939508e-02,-1.000000000000000000e+00
-5.739194780141611274e-02,1.942890126681529744e-02,-1.000000000000000000e+00
-3.419615199887312412e-02,1.951892247729622443e-02,-1.000000000000000000e+00
-8.923092551017142160e-01,-2.094536671723830693e-02,-1.000000000000000000e+00
-1.407393852850818972e-01,-4.716802518378056600e-03,-1.000000000000000000e+00
-1.608852054910084872e+00,-4.684538885557054666e-02,-1.000000000000000000e+00
-1.240459039806812297e-01,-4.773422064757571956e-03,-1.000000000000000000e+00
5.075711625680232736e-02,8.978870314507990738e-03,-1.000000000000000000e+00
1.889764888434637136e-01,1.980479944425200638e-03,-1.000000000000000000e+00
4.894874840038733188e-01,-1.172762984316212502e-02,-1.000000000000000000e+00
2.599890266909741232e-01,-1.822605628121767157e-02,-1.000000000000000000e+00
-1.526856717888511183e-01,-1.787368174672146481e-02,-1.000000000000000000e+00
5.502133612773677657e-02,1.003860402779474699e-02,-1.000000000000000000e+00
-4.099829510109435637e-01,5.752034625099503029e-02,-1.000000000000000000e+00
2.665863665594634946e-01,-1.338855113553151233e-01,-1.000000000000000000e+00
4.783405932331413757e-01,1.168954265411135084e-02,-1.000000000000000000e+00
-2.036790168923348077e-01,-1.602643483996308259e-03,-1.000000000000000000e+00
-5.033637718545317385e-01,1.614573324922556272e-02,-1.000000000000000000e+00
2.148753256299883521e-02,1.206156373602138183e-02,-1.000000000000000000e+00
-5.423770308383606825e-02,5.882287058313545765e-03,-1.000000000000000000e+00
1.327068228510098480e-01,1.776250078371045468e-02,-1.000000000000000000e+00
-1.899482238756622088e-01,6.542102254671916528e-03,-1.000000000000000000e+00
-1.538336568935275039e+00,-3.825440216542866367e-02,-1.000000000000000000e+00
2.006947885682033028e-01,1.165945776544125533e-02,-1.000000000000000000e+00
3.972693595680733547e-01,-6.573233170837721948e-03,-1.000000000000000000e+00
3.177843874139839597e-01,3.790847157417883383e-03,-1.000000000000000000e+00
-3.396416013630344510e-01,2.074786596483959092e-02,-1.000000000000000000e+00
4.662985832086024018e-01,7.089278055575408063e-03,-1.000000000000000000e+00
-1.626897763304384847e+00,-8.497549150735710100e-02,-1.000000000000000000e+00
9.054272341266489388e-02,-1.640289550833571794e-02,-1.000000000000000000e+00
7.336729625408714350e-04,-1.288750811200142510e-01,-1.000000000000000000e+00
-3.062206910795333137e-01,6.711071041673452760e-03,-1.000000000000000000e+00
3.902955358606369773e-01,-3.991158433290705257e-03,-1.000000000000000000e+00
5.388580732690683578e-02,1.476291047856037944e-02,-1.000000000000000000e+00
-2.419150509583027631e-02,1.857952285517812038e-02,-1.000000000000000000e+00
-6.322382665035317650e-01,-4.818376569120546432e-02,-1.000000000000000000e+00
3.637638359029169988e-01,2.600150663479119158e-04,-1.000000000000000000e+00
1.675601639331555370e-01,3.189455979044170109e-02,-1.000000000000000000e+00
-1.599472444978875307e+00,-4.809474942757916566e-02,-1.000000000000000000e+00
4.729515323904079360e-01,1.191168736565746997e-04,-1.000000000000000000e+00
-8.355657448961196776e-01,-2.589602212054891578e-02,-1.000000000000000000e+00
-2.231259350429311838e-01,8.227075184012777598e-03,-1.000000000000000000e+00
6.829773086533097448e-02,4.419891050112770281e-02,-1.000000000000000000e+00
3.861616282038133896e-01,1.250181788533010808e-04,-1.000000000000000000e+00
-3.686578919929323615e-04,1.075998045784855653e-02,-1.000000000000000000e+00
1.588625171701124883e-01,4.596406698156160764e-02,-1.000000000000000000e+00
-1.500419614476353747e-01,7.486574382755743946e-03,-1.000000000000000000e+00
-9.740986213494082779e-01,5.565452276637040258e-02,-1.000000000000000000e+00
3.733371390271554846e-01,-7.160950271083540292e-03,-1.000000000000000000e+00
2.920105773090365120e-01,-2.192651696237696900e-05,-1.000000000000000000e+00
4.080625398241519708e-01,5.232989734707260698e-03,-1.000000000000000000e+00
-2.941633197074929040e-02,-4.665419703525721107e-01,-1.000000000000000000e+00
2.508768436437220362e-01,2.112720150059079968e-02,-1.000000000000000000e+00
-1.750483111733250607e-01,8.358847893296796061e-02,-1.000000000000000000e+00
3.698503053829640952e-01,9.858976363273984009e-03,-1.000000000000000000e+00
-1.979649370159156929e-01,2.072049912460124585e-02,-1.000000000000000000e+00
3.528156040152495565e-02,-1.338194010228314045e-02,-1.000000000000000000e+00
1.494145468698170054e-01,2.924393726421234060e-02,-1.000000000000000000e+00
3.507161055479096623e-01,2.324919054864656512e-02,-1.000000000000000000e+00
-1.527049581502167575e-01,2.781093538874920834e-02,-1.000000000000000000e+00
6.920437505472126771e-01,-7.950501774115673048e-03,-1.000000000000000000e+00
-6.487460230101618208e-01,4.586342419716469415e-02,-1.000000000000000000e+00
-5.077650431881582938e-01,4.315281220718873711e-02,-1.000000000000000000e+00
4.006955830459184020e-01,-1.300512811152266558e-02,-1.000000000000000000e+00
1.337754355977492093e-01,2.356343995746006462e-02,-1.000000000000000000e+00
-1.011522425913507384e+00,-2.846292840536784191e-02,-1.000000000000000000e+00
-3.726312011653355460e-01,-1.192588684612936982e-02,-1.000000000000000000e+00
3.586865606033098897e-01,1.054795499905753289e-02,-1.000000000000000000e+00
4.386374717797220102e-01,-1.395741628490797075e-02,-1.000000000000000000e+00
-3.448876522346971951e-01,6.210421401769879862e-02,-1.000000000000000000e+00
7.731507944941466981e-01,-1.234928402322955053e-02,-1.000000000000000000e+00
-1.443478122230192617e-01,-2.842320581441094146e-02,-1.000000000000000000e+00
4.785452759428403258e-02,-9.565962552910188890e-03,-1.000000000000000000e+00
-2.088269779410734384e-01,-6.262992651097438329e-03,-1.000000000000000000e+00
5.017877565961076369e-01,-2.340323710073938246e-02,-1.000000000000000000e+00
3.497994340751341136e-02,4.035371684313490692e-02,-1.000000000000000000e+00
8.632152662405123689e-02,-3.378611403096302285e-02,-1.000000000000000000e+00
-4.349758970366019439e-01,-7.966243646587075136e-03,-1.000000000000000000e+00
-8.863527152002997900e-02,-1.137311443076297231e-02,-1.000000000000000000e+00
-8.013043422302461583e-01,-7.946138145562843189e-03,-1.000000000000000000e+00
-2.023849648862162121e-01,-1.838414534261148883e-02,-1.000000000000000000e+00
-9.537776846029068223e-02,3.219645918304087084e-02,-1.000000000000000000e+00
5.707949809424396337e-01,6.709098306323326875e-04,-1.000000000000000000e+00
-1.884854132330973653e-01,-1.610842570224095723e-03,-1.000000000000000000e+00
2.261001109776046569e-01,-3.822483307445039263e-03,-1.000000000000000000e+00
3.875294216251617962e-01,-4.232369088665468779e-03,-1.000000000000000000e+00
9.063536192117549461e-02,5.264610425631275487e-02,-1.000000000000000000e+00
-1.111392080216537931e-01,4.898332663906290046e-02,-1.000000000000000000e+00
3.048700928660347254e-01,2.269276532833044285e-02,-1.000000000000000000e+00
-2.202108996027094534e-01,1.926041432792138450e-02,-1.000000000000000000e+00
7.799938429356377545e-02,6.588308196480503927e-03,-1.000000000000000000e+00
1.850379157273770170e-01,4.226429405583155031e-03,-1.000000000000000000e+00
-2.393297828441610375e-01,2.437302008068661582e-02,-1.000000000000000000e+00
-2.014364345792721556e-01,1.118083432015781233e-02,-1.000000000000000000e+00
3.570410311613820831e-01,7.200042830591297377e-03,-1.000000000000000000e+00
2.462418735711814632e-01,2.459905701025741354e-02,-1.000000000000000000e+00
5.919809955517947309e-01,-7.768877426384273796e-03,-1.000000000000000000e+00
4.925322869461973840e-01,8.940722628941133454e-03,-1.000000000000000000e+00
-8.453096958897377000e-02,2.472274421055574781e-02,-1.000000000000000000e+00
-1.037569574622831059e+00,-2.195450044510516979e-02,-1.000000000000000000e+00
7.185958770510576521e-01,-4.133066413505800257e-03,-1.000000000000000000e+00
-9.908848576133313935e-02,3.344368241607983266e-02,-1.000000000000000000e+00
-3.445693768765820120e-01,1.255548159956754520e-02,-1.000000000000000000e+00
-1.739961154196551507e-01,5.041840563362888494e-02,-1.000000000000000000e+00
-4.839674279484770247e-01,-1.249462021225321122e-02,-1.000000000000000000e+00
2.268761671967776117e-01,1.536204845823779114e-02,-1.000000000000000000e+00
2.504673001308245217e-01,3.562237171448279921e-02,-1.000000000000000000e+00
6.087019179694931337e-01,-9.038794883055138729e-02,-1.000000000000000000e+00
1.646317202550006964e-01,1.756166335007770113e-02,-1.000000000000000000e+00
-5.019290500249254938e-01,5.860396735943492266e-03,-1.000000000000000000e+00
-2.959396262629003238e-01,4.854720083971153510e-02,-1.000000000000000000e+00
2.446264868707918316e-01,1.365278038125720267e-02,-1.000000000000000000e+00
-1.400562959142717112e+00,-7.800358968359368678e-03,-1.000000000000000000e+00
-1.220102394651346733e-01,6.795441687840268752e-02,-1.000000000000000000e+00
1.398190558088179269e-01,2.973485952979699684e-02,-1.000000000000000000e+00
-5.746323080960613616e-01,-2.458756670127229885e-02,-1.000000000000000000e+00
5.139462883345822242e-01,3.978836779251932430e-03,-1.000000000000000000e+00
2.130994115921454879e-01,1.298540848671942208e-02,-1.000000000000000000e+00
-6.796855310322674759e-02,-1.223978796233708526e-02,-1.000000000000000000e+00
5.625524208884897792e-01,-5.984554917765935733e-03,-1.000000000000000000e+00
5.207516555114622969e-01,-1.819890241514672199e-02,-1.000000000000000000e+00
2.627793983497028751e-01,-2.179096753286948601e-02,-1.000000000000000000e+00
-2.150697371183344364e-01,2.115662634239375700e-02,-1.000000000000000000e+00
-2.352754805754976586e-01,1.527398123154015235e-02,-1.000000000000000000e+00
-3.073929735680334119e-01,1.647622983842669808e-02,-1.000000000000000000e+00
-9.501876787284020409e-01,4.947270639462253254e-03,-1.000000000000000000e+00
-1.768960443690225648e-01,2.001888116218682179e-02,-1.000000000000000000e+00
1.223954642166439205e-01,2.996182123980916517e-02,-1.000000000000000000e+00
4.015358388378903465e-01,1.069826218415930418e-02,-1.000000000000000000e+00
-4.739886354562041770e-01,3.089618361351195025e-02,-1.000000000000000000e+00
6.331380471553003098e-01,-4.237132783288730109e-03,-1.000000000000000000e+00
-3.586016588096357927e-01,-1.706482195451344830e-03,-1.000000000000000000e+00
1.154009861635622997e-01,3.028083530911991963e-02,-1.000000000000000000e+00
-3.021113234145351711e-01,2.891911804532024122e-02,-1.000000000000000000e+00
2.087485508465380668e-01,-7.871230115065680835e-03,-1.000000000000000000e+00
-7.899003763880739770e-01,-7.692151029717067545e-02,-1.000000000000000000e+00
-4.449353930653328626e-01,-1.822083191109408890e-02,-1.000000000000000000e+00
-1.433291474698258350e-01,-5.352868391592015967e-03,-1.000000000000000000e+00
2.912879983799664396e-01,8.691770021904890800e-03,-1.000000000000000000e+00
-3.276355023797291044e-01,1.452504697102510733e-02,-1.000000000000000000e+00
3.824660136643463493e-01,4.391431037286240568e-02,-1.000000000000000000e+00
-1.217485627423943867e-01,2.190954226363984320e-02,-1.000000000000000000e+00
3.565831784529819304e-01,1.148212166894093354e-02,-1.000000000000000000e+00
4.902351426068725648e-01,3.440122905633434015e-03,-1.000000000000000000e+00
4.089520708242977975e-01,2.184843110216974551e-03,-1.000000000000000000e+00
7.100130795555541496e-01,-1.404083669309103867e-02,-1.000000000000000000e+00
2.126456589352033189e-01,1.012060926473241744e-02,-1.000000000000000000e+00
2.696744164589952586e-01,1.127599240086815668e-02,-1.000000000000000000e+00
-3.657550169678661645e-01,4.648268434630577900e-02,-1.000000000000000000e+00
-4.709836028077742931e-01,1.448371958698435602e-02,-1.000000000000000000e+00
2.954442005102089763e-01,-1.815519918922659307e-02,-1.000000000000000000e+00
-6.487704243717824781e-02,-1.522503319110020924e-02,-1.000000000000000000e+00
2.789173891495370095e-01,-5.394745172837686273e-03,-1.000000000000000000e+00
6.104334934247670486e-01,-2.244934972011581806e-02,-1.000000000000000000e+00
-8.259521388041431156e-02,-4.994807157657515278e-04,-1.000000000000000000e+00
4.686768336288407721e-01,2.167088359123959043e-03,-1.000000000000000000e+00
7.517372991857013131e-01,-1.505313187283433690e-02,-1.000000000000000000e+00
4.012330216098256019e-02,-7.927060850202866105e-03,-1.000000000000000000e+00
-1.220073630892842403e-01,1.212104457107304571e-02,-1.000000000000000000e+00
4.971852788484400903e-02,1.302187845730318726e-02,-1.000000000000000000e+00
-4.399700226957032334e-01,-1.407264109064070533e-02,-1.000000000000000000e+00
5.626779863454502983e-01,-5.538115859711789310e-03,-1.000000000000000000e+00
-1.046811809804150534e-01,7.361911182499900064e-02,-1.000000000000000000e+00
1.514792598956037073e-01,2.987359418182990601e-03,-1.000000000000000000e+00
-6.476342842218490992e-01,-1.894751193775003409e-02,-1.000000000000000000e+00
-5.796340823505001516e-02,1.347694619818765732e-02,-1.000000000000000000e+00
-3.591463646154646194e-01,7.106784228895572653e-02,-1.000000000000000000e+00
-7.839577717633134935e-01,-3.314687657307579388e-02,-1.000000000000000000e+00
-6.075224235616712987e-01,-2.188937800323878177e-02,-1.000000000000000000e+00
-2.501283319131236693e-01,1.144691807330582359e-02,-1.000000000000000000e+00
2.734276862779789208e-01,6.524271174722276467e-03,-1.000000000000000000e+00
-2.037193917316956759e-01,-4.808754614151345558e-02,-1.000000000000000000e+00
5.673924906759286908e-03,-1.282516611582292521e-01,-1.000000000000000000e+00
-2.065699353449370335e-01,3.014706780472753075e-03,-1.000000000000000000e+00
6.482645908200795892e-02,2.534617709972727603e-03,-1.000000000000000000e+00
2.319662808101200999e-02,2.180833823711444616e-03,-1.000000000000000000e+00
8.692468777147935310e-02,3.931062208792247825e-02,-1.000000000000000000e+00
4.372836471591042828e-01,-1.921839427040869172e-02,-1.000000000000000000e+00
2.743438890559344867e-01,5.326349744772215442e-03,-1.000000000000000000e+00
2.976774080432615932e-01,2.423643664334113740e-02,-1.000000000000000000e+00
2.283420692806612806e-01,-4.340139925629402790e-03,-1.000000000000000000e+00
-8.089808940302750662e-02,-1.815012777166152835e-02,-1.000000000000000000e+00
-2.699897576519686426e-01,7.173545121464972030e-02,-1.000000000000000000e+00
-2.597366229962487227e-01,6.063331860739770013e-02,-1.000000000000000000e+00
-4.221150988391892955e-01,1.892928202348359568e-02,-1.000000000000000000e+00
2.326905273219754544e-01,1.949281855532154079e-02,-1.000000000000000000e+00
1.772276981927088380e-01,-1.582667768499175509e-02,-1.000000000000000000e+00
-1.204555212091784760e-01,4.445339391183187466e-02,-1.000000000000000000e+00
-3.976298757302848541e-01,-2.450629353375202105e-04,-1.000000000000000000e+00
-4.200645295864166573e-01,-6.491006847307256161e-03,-1.000000000000000000e+00
5.302226059768935240e-01,-2.171797059266918073e-02,-1.000000000000000000e+00
-6.584772893654391446e-01,-1.668087828857659285e-02,-1.000000000000000000e+00
-5.857537669967113336e-01,1.772869602509343293e-02,-1.000000000000000000e+00
-4.814507395248112109e-01,-2.952707724715869075e-03,-1.000000000000000000e+00
7.058890541501134930e-01,-1.685866358902462364e-02,-1.000000000000000000e+00
-5.343637008277126732e-01,-2.596729889676709438e-02,-1.000000000000000000e+00
6.685164421181559735e-01,-5.424320615350697317e-03,-1.000000000000000000e+00
-1.988475920174104586e-02,5.594484280321890962e-03,-1.000000000000000000e+00
-6.661391238702562001e-01,2.016959091973534457e-02,-1.000000000000000000e+00
2.330414836608449836e-01,7.971407461641356884e-03,-1.000000000000000000e+00
3.613923794299184200e-01,-2.403363123757459949e-04,-1.000000000000000000e+00
-4.908688904708902179e-01,4.386121544853936738e-02,-1.000000000000000000e+00
-8.552734371917942724e-01,-9.498356354585086453e-03,-1.000000000000000000e+00
-3.436037361096503373e-01,7.416860621744634672e-04,-1.000000000000000000e+00
-2.355033813283399224e-01,2.950973132355617923e-02,-1.000000000000000000e+00
-7.687694354467728974e-01,-1.729999016502409975e-02,-1.000000000000000000e+00
2.146976986640265483e-01,-6.578992680174412105e-03,-1.000000000000000000e+00
-4.021050779387211893e-01,-3.043739166628097945e-02,-1.000000000000000000e+00
3.151987761198887794e-01,-1.553604788341260250e-02,-1.000000000000000000e+00
-7.055555451478755236e-02,-4.010752551813292783e-04,-1.000000000000000000e+00
2.706397820505628826e-01,-1.476119555493561435e-02,-1.000000000000000000e+00
3.812279393907741509e-01,3.852754393840510886e-03,-1.000000000000000000e+00
-9.605454150223354803e-01,-2.513730878807221483e-03,-1.000000000000000000e+00
-5.091480245516996073e-01,1.426033556464506927e-02,-1.000000000000000000e+00
2.452752713950592800e-01,-2.856557933877861694e-02,-1.000000000000000000e+00
-9.617164294895089172e-02,1.092701585021660891e-02,-1.000000000000000000e+00
5.165564337852952548e-01,-4.377210266525023707e-03,-1.000000000000000000e+00
-5.537422460215268849e-01,1.393134522866169324e-02,-1.000000000000000000e+00
-4.675959292491574937e-01,-2.256258938558837555e-03,-1.000000000000000000e+00
2.301935146312854563e-01,1.141092333125277511e-02,-1.000000000000000000e+00
2.281193412140592458e-01,-2.075658574695039144e-02,-1.000000000000000000e+00
-2.282305842664798523e-01,-2.477836667102038468e-02,-1.000000000000000000e+00
4.721435976885769714e-02,2.530454269285731944e-02,-1.000000000000000000e+00
3.588318912630878987e-01,-6.235386990258718872e-04,-1.000000000000000000e+00
-3.423246082454203254e-01,1.946225792565971571e-02,-1.000000000000000000e+00
5.725170542721865763e-01,-1.327034131067232441e-02,-1.000000000000000000e+00
1.779005531259598982e-01,4.374156046122973374e-02,-1.000000000000000000e+00
-1.083265818278588366e+00,3.873428822146467859e-02,-1.000000000000000000e+00
1.305493211929681374e-01,5.494439407393409552e-02,-1.000000000000000000e+00
5.164457900322581008e-01,-2.008099867870367233e-02,-1.000000000000000000e+00
-7.499299392581099122e-01,-3.108395239049335790e-02,-1.000000000000000000e+00
4.160399786025165692e-01,-3.508613547535303218e-02,-1.000000000000000000e+00
4.122104954975288615e-01,7.399872247034015686e-03,-1.000000000000000000e+00
-1.534951779014263329e-01,1.906422171334638468e-02,-1.000000000000000000e+00
-8.544984024567099379e-01,-2.978326884427669879e-02,-1.000000000000000000e+00
-9.245000075198483991e-01,4.516053899897333641e-03,-1.000000000000000000e+00
5.039206568534981834e-01,-9.051576264104533795e-03,-1.000000000000000000e+00
-1.039367656671300044e-01,-1.404682255747057538e-02,-1.000000000000000000e+00
-3.653150621260811137e-01,8.845841327695605494e-02,-1.000000000000000000e+00
3.112454624498882660e-01,-9.828956059456118652e-03,-1.000000000000000000e+00
-1.932696485415408560e-01,1.403840613479060383e-02,-1.000000000000000000e+00
-1.550110631039115228e-01,4.841207513153270026e-02,-1.000000000000000000e+00
5.600411099956431604e-01,-1.086555285386320464e-02,-1.000000000000000000e+00
4.023345652956502039e-01,-1.896075648676076586e-02,-1.000000000000000000e+00
2.517139895932913873e-01,2.011132937950233998e-02,-1.000000000000000000e+00
2.941074295951189299e-01,-1.961450895564789687e-02,-1.000000000000000000e+00
5.496130386453421668e-01,-1.226610866123544787e-02,-1.000000000000000000e+00
1.097483500732841510e-01,1.431160658137637515e-02,-1.000000000000000000e+00
-1.318887162806958724e-01,4.446829200875621751e-02,-1.000000000000000000e+00
3.097669106694698193e-01,3.108023049848222894e-03,-1.000000000000000000e+00
3.024843983632310440e-01,-3.421408823934277699e-01,-1.000000000000000000e+00
7.336497139008486823e-02,-2.227928514499816215e-02,-1.000000000000000000e+00
1.769940564001285799e-01,1.059719925931889434e-02,-1.000000000000000000e+00
5.998077177605744270e-02,2.891074612137965044e-02,-1.000000000000000000e+00
-1.079055400785176866e-01,3.814427173300245083e-02,-1.000000000000000000e+00
4.547074479620046711e-02,4.229612297885826377e-02,-1.000000000000000000e+00
2.579118456319228203e-01,-8.681769455484376549e-03,-1.000000000000000000e+00
1.039306578524806374e-01,-4.159476696290236031e-03,-1.000000000000000000e+00
4.986749011537995879e-01,2.731833242267173688e-03,-1.000000000000000000e+00
3.641643353039402120e-01,-8.651019258471412052e-03,-1.000000000000000000e+00
-3.997396453450425269e-01,5.407743002397814858e-02,-1.000000000000000000e+00
-1.717245783213571797e-01,3.487921360352496530e-02,-1.000000000000000000e+00
-5.796306982732571944e-01,-1.431845876879501468e-03,-1.000000000000000000e+00
-2.078619731549820049e-01,-1.622111147099086076e-02,-1.000000000000000000e+00
-2.753470042666816275e-01,4.801102529127439233e-02,-1.000000000000000000e+00
3.562286465590315254e-01,3.245667722236111885e-02,-1.000000000000000000e+00
7.780044775710642790e-01,-1.565173326334938497e-02,-1.000000000000000000e+00
1.754248772571200266e-01,1.831410306257999152e-02,-1.000000000000000000e+00
-2.590445740964609778e-01,-2.430414888678016430e-02,-1.000000000000000000e+00
-5.353370451856766937e-02,2.844720181453991650e-02,-1.000000000000000000e+00
2.145616506102984988e-01,-6.678019706336579819e-03,-1.000000000000000000e+00
6.305766123366188802e-01,-1.610388606911592607e-02,-1.000000000000000000e+00
-6.155054674279194504e-01,-2.100755815084463796e-02,-1.000000000000000000e+00
1.074512506972413600e-01,5.209799406432030072e-02,-1.000000000000000000e+00
2.252371318900611152e-01,3.758921307929808091e-03,-1.000000000000000000e+00
-1.109459106563408515e+00,2.455975272901400955e-02,-1.000000000000000000e+00
6.236315858007354107e-01,-8.063005383016429162e-03,-1.000000000000000000e+00
2.391116833536099939e-01,2.827159767776259505e-02,-1.000000000000000000e+00
5.794458494296574891e-01,-1.463741485706848873e-02,-1.000000000000000000e+00
3.614007909015174991e-01,-1.620906554350108955e-02,-1.000000000000000000e+00
-4.950155295953707624e-01,3.597243190476381164e-02,-1.000000000000000000e+00
1.199237170526616103e-01,-7.299309154795685303e-03,-1.000000000000000000e+00
1.792174725716167427e-01,8.943821539048196073e-03,-1.000000000000000000e+00
7.033518938536142961e-01,-1.022283191099617253e-02,-1.000000000000000000e+00
-6.658375328851808828e-01,-1.612015092966745736e-02,-1.000000000000000000e+00
5.143480653575812633e-01,-7.827720017784488976e-03,-1.000000000000000000e+00
-3.704429899603636778e-01,3.329340215375035938e-02,-1.000000000000000000e+00
4.819487440897469721e-01,-7.762292772106882399e-03,-1.000000000000000000e+00
-6.114191880876247431e-01,3.331736047031604725e-02,-1.000000000000000000e+00
-1.030728079098574002e-01,3.751712255301201115e-02,-1.000000000000000000e+00
-5.350648792528350794e-01,3.550173927020396775e-02,-1.000000000000000000e+00
-1.884735708761962891e-01,1.017828890549481030e-01,-1.000000000000000000e+00
2.760423398566412279e-01,-1.562248631151160749e-01,-1.000000000000000000e+00
3.524096839785206270e-01,-1.983275579335312677e-02,-1.000000000000000000e+00
-1.453253358494211167e-01,-6.896132013689075177e-03,-1.000000000000000000e+00
3.070512170825147671e-02,1.571862207697649616e-02,-1.000000000000000000e+00
3.681838024553648059e-01,3.084560079172113389e-02,-1.000000000000000000e+00
4.692046201733721666e-01,-9.043829248229249412e-03,-1.000000000000000000e+00
-8.447335211971442881e-01,-3.337596069203017241e-02,-1.000000000000000000e+00
3.151178315108923988e-01,-1.199575841260774184e-03,-1.000000000000000000e+00
4.408325093513108112e-02,-4.064300734722811614e-02,-1.000000000000000000e+00
2.317999938129416959e-01,-7.710965181052734096e-02,-1.000000000000000000e+00
-4.950988737632251030e-02,1.462445386435032128e-03,-1.000000000000000000e+00
6.317740123366231142e-01,-1.271056005383191211e-02,-1.000000000000000000e+00
4.583413456835527811e-01,-1.877965764929965739e-02,-1.000000000000000000e+00
-8.738940312398948418e-01,4.400091775392897531e-03,-1.000000000000000000e+00
3.191749268471222867e-01,2.958900414441036162e-03,-1.000000000000000000e+00
3.537107022973615122e-02,-7.922071369041378333e-03,-1.000000000000000000e+00
5.914492837115724599e-01,-1.511740366705931725e-02,-1.000000000000000000e+00
2.189893485852126981e-02,3.219965964162686822e-02,-1.000000000000000000e+00
3.966639460548008755e-01,-1.053546256005504465e-02,-1.000000000000000000e+00
2.550889815631216528e-01,-9.400325074961267402e-03,-1.000000000000000000e+00
-8.128681557725831244e-03,2.680360762145592504e-02,-1.000000000000000000e+00
1.895643540415104245e-01,-9.395385578785697342e-03,-1.000000000000000000e+00
1.309947185115184209e-01,1.993026382691281614e-02,-1.000000000000000000e+00
-1.151664779959896551e-01,-3.402820828081148247e-02,-1.000000000000000000e+00
8.315064662798715700e-02,1.650696678927138575e-02,-1.000000000000000000e+00
7.552073560596521407e-02,2.085143114857069754e-02,-1.000000000000000000e+00
6.765652753416020460e-01,-1.457676373920496239e-02,-1.000000000000000000e+00
-2.304809013535521200e-01,3.143619000414697197e-03,-1.000000000000000000e+00
-1.470881333182235129e-01,3.042652121229919016e-02,-1.000000000000000000e+00
1.016723258969214755e-01,3.241295303657264204e-02,-1.000000000000000000e+00
7.409246420302766367e-01,-1.583205418877623588e-02,-1.000000000000000000e+00
-4.021700640886347045e-01,6.829753580999971263e-02,-1.000000000000000000e+00
1.074222115449907089e-01,-3.921927660556191741e-03,-1.000000000000000000e+00
-2.030507707625903713e-01,-1.363543560514872237e-02,-1.000000000000000000e+00
-2.918766513623822223e-01,-1.994168942460895419e-02,-1.000000000000000000e+00
-2.548901584640530377e-02,1.508581335762114450e-02,-1.000000000000000000e+00
4.292240807500909416e-01,-1.428511159480412053e-02,-1.000000000000000000e+00
9.737238076840555590e-02,-2.081078315171298182e-02,-1.000000000000000000e+00
2.463371848019582644e-01,-7.121259623523598647e-02,-1.000000000000000000e+00
5.163507117951782188e-01,-1.515955109521911238e-02,-1.000000000000000000e+00
1.607177990978205795e-01,3.228039474575607193e-02,-1.000000000000000000e+00
1.438445613295122882e-01,2.674127891113594821e-02,-1.000000000000000000e+00
1.963241120124009295e-02,7.240722903791807453e-04,-1.000000000000000000e+00
-3.644477008224599746e-01,2.689813428331277317e-02,-1.000000000000000000e+00
1.151847686414838451e-01,-1.957786903900493244e-02,-1.000000000000000000e+00
-7.804615192643096777e-02,-1.761290519467394178e-02,-1.000000000000000000e+00
1.997638333732606464e-01,1.761779607808306239e-02,-1.000000000000000000e+00
1.554858331167514318e-01,5.515467653651109393e-03,-1.000000000000000000e+00
6.322138911097197056e-01,-2.662600026635928915e-02,-1.000000000000000000e+00
2.255338052340972316e-02,1.649094363749098457e-02,-1.000000000000000000e+00
3.421545330313918165e-01,3.831305029301791676e-02,-1.000000000000000000e+00
-4.085153915866795993e-01,-2.419690061517276031e-02,-1.000000000000000000e+00
-4.446706610358963641e-02,3.265130808818535180e-02,-1.000000000000000000e+00
6.174753911806579731e-01,-2.284894804587510320e-02,-1.000000000000000000e+00
2.484193872646057177e-01,-1.346951272811180642e-03,-1.000000000000000000e+00
-2.337828375380005819e-01,1.361424611384991733e-02,-1.000000000000000000e+00
-1.567318849002870551e-01,4.324317123255656814e-02,-1.000000000000000000e+00
-6.438820155334664674e-01,7.595450770623493955e-03,-1.000000000000000000e+00
4.637430837999380606e-01,7.020714600218472962e-03,-1.000000000000000000e+00
6.357877698809712985e-01,-1.564957054461831379e-02,-1.000000000000000000e+00
-1.945385116424987876e-02,2.287382125867224586e-02,-1.000000000000000000e+00
3.309123653126820885e-01,-1.240038683899460405e-02,-1.000000000000000000e+00
1.105610323326397249e-01,2.492185821114308031e-02,-1.000000000000000000e+00
2.015177654626442716e-01,-1.604012079701149299e-02,-1.000000000000000000e+00
2.872122558389904601e-01,-9.828678212187098168e-03,-1.000000000000000000e+00
4.004042350873709410e-01,-1.646830800236860626e-02,-1.000000000000000000e+00
4.566515516145379650e-01,-2.288682818518346634e-03,-1.000000000000000000e+00
1.079461331692593423e-01,-1.921793499966295560e-02,-1.000000000000000000e+00
2.172674839384436118e-01,-9.555078599365288139e-03,-1.000000000000000000e+00
-1.757330516584659219e-01,3.452991208702627535e-03,-1.000000000000000000e+00
-5.242521713354437313e-02,1.949657045593777838e-02,-1.000000000000000000e+00
-3.915564549140140849e-01,4.168199805437605709e-02,-1.000000000000000000e+00
2.980708068537676891e-01,-4.915095629702528890e-02,-1.000000000000000000e+00
4.531500789548171260e-01,2.015642172660210563e-02,-1.000000000000000000e+00
2.838618649532130833e-01,-1.012854244994644722e-02,-1.000000000000000000e+00
-1.386237064578192124e-01,7.423085019041192507e-03,-1.000000000000000000e+00
-1.242749187951412843e-01,2.726216342734720174e-02,-1.000000000000000000e+00
1.523617200422652807e-01,3.987661418819777454e-02,-1.000000000000000000e+00
2.864415464172127140e-02,4.316414577331949276e-02,-1.000000000000000000e+00
3.856572332886723520e-01,-8.770415026173705719e-02,-1.000000000000000000e+00
-6.471688563994206778e-01,-9.979044266400697791e-03,-1.000000000000000000e+00
-4.721641211760631562e-01,-2.643997960556004195e-02,-1.000000000000000000e+00
-7.664616556640113654e-01,-2.882504001382860115e-02,-1.000000000000000000e+00
3.901349338396515876e-01,8.404497946827318945e-04,-1.000000000000000000e+00
2.437693458443892514e-01,-1.204526343332790704e-02,-1.000000000000000000e+00
-1.258044630481849613e-01,2.327278626254289731e-02,-1.000000000000000000e+00
4.325943412592382353e-01,-2.642403615964684233e-02,-1.000000000000000000e+00
3.086757090677229032e-01,-8.464034859076925753e-04,-1.000000000000000000e+00
-1.781436502773980357e-01,1.383847881698977052e-02,-1.000000000000000000e+00
-5.812785079777436220e-02,-3.067692545679193139e-02,-1.000000000000000000e+00
2.750962738153542309e-02,1.834691029616913795e-03,-1.000000000000000000e+00
1.932533517689622449e-01,3.858127321586554692e-02,-1.000000000000000000e+00
-3.504801951905156532e-02,-5.129264423060741736e-04,-1.000000000000000000e+00
2.043746747388577034e-01,2.897716397877471688e-04,-1.000000000000000000e+00
-3.174285695261051116e-02,5.730752890919753317e-03,-1.000000000000000000e+00
-1.444189312513635415e-01,8.647166691489124174e-03,-1.000000000000000000e+00
7.832644977458853852e-02,5.678329929360269313e-02,-1.000000000000000000e+00
1.595201143862153281e-01,-1.135462891149318677e-02,-1.000000000000000000e+00
5.016710282014620326e-01,6.525369595783997055e-04,-1.000000000000000000e+00
6.843688946200354728e-01,-6.498546040152455155e-03,-1.000000000000000000e+00
2.915535834398482185e-01,-3.315629816311218333e-03,-1.000000000000000000e+00
-2.380464046774489750e-01,2.394702027231579780e-02,-1.000000000000000000e+00
-1.004867108557424421e-01,7.584767197607500747e-03,-1.000000000000000000e+00
-1.694122368914735000e-01,3.155003286876482960e-02,-1.000000000000000000e+00
2.525604116787528719e-01,4.231741918918113105e-02,-1.000000000000000000e+00
3.503896662484400765e-02,3.622713522783284346e-02,-1.000000000000000000e+00
1.973956110430130362e-01,-3.290977791638147187e-02,-1.000000000000000000e+00
-3.403732465145042907e-01,1.132738798205007100e-02,-1.000000000000000000e+00
3.689494870582922248e-01,-2.608823283308579852e-03,-1.000000000000000000e+00
1.577052093770596741e-01,1.277533603446054031e-02,-1.000000000000000000e+00
-1.129134524888648183e+00,2.679812476283837883e-02,-1.000000000000000000e+00
-2.350346824516532096e-01,-2.579608868552971893e-03,-1.000000000000000000e+00
-5.086075911119237736e-01,8.051533617447776542e-03,-1.000000000000000000e+00
-7.347531836134677530e-01,-1.819678523168785991e-03,-1.000000000000000000e+00
-2.709565705965830129e-01,9.759620329296009311e-02,-1.000000000000000000e+00
-1.489625154525293926e-01,4.637907489332330352e-02,-1.000000000000000000e+00
5.522780549984870335e-01,-1.333341846123237313e-02,-1.000000000000000000e+00
-3.681485691882640382e-02,1.224753191164283314e-02,-1.000000000000000000e+00
-5.835473655972754914e-01,4.948451354170779054e-02,-1.000000000000000000e+00
4.621535382063942654e-01,-2.503812027560921305e-02,-1.000000000000000000e+00
3.050432584960196536e-01,-2.518272483426538949e-02,-1.000000000000000000e+00
3.392336325471458774e-02,7.170778872066521648e-02,-1.000000000000000000e+00
-7.784353623221823559e-01,-2.543314360498907106e-02,-1.000000000000000000e+00
6.412112424873890326e-01,-1.278221288171480820e-02,-1.000000000000000000e+00
2.572328918477210374e-02,2.043730230724337318e-03,-1.000000000000000000e+00
-3.707031435386958229e-01,7.115915891303606008e-03,-1.000000000000000000e+00
-2.657354139171865248e-01,-1.862746169815721400e-02,-1.000000000000000000e+00
6.670839517241833327e-02,-3.316405428386598898e-04,-1.000000000000000000e+00
2.249665183298337756e-01,-3.587292277013583251e-04,-1.000000000000000000e+00
-2.721285965352904790e-01,-5.220544355867408337e-02,-1.000000000000000000e+00
-8.038393658574819467e-01,5.118843027796830120e-02,-1.000000000000000000e+00
4.815074930447215684e-01,3.743300794939459063e-04,-1.000000000000000000e+00
-7.477508419863584943e-02,2.314318350029665600e-02,-1.000000000000000000e+00
8.678819542774350582e-03,1.421731303107878763e-02,-1.000000000000000000e+00
6.885210862900549567e-02,4.162156845342808963e-03,-1.000000000000000000e+00
-5.124818938585189443e-01,6.317213807995984427e-05,-1.000000000000000000e+00
-6.690394448056119492e-01,5.275029845794707364e-03,-1.000000000000000000e+00
2.494590489372657538e-01,1.202848965915994175e-02,-1.000000000000000000e+00
-7.188041886332086766e-03,-6.205660622332208332e-03,-1.000000000000000000e+00
-3.282072459458914016e-01,4.836372524615759928e-03,-1.000000000000000000e+00
-5.437564232734110048e-02,5.033079960942494352e-02,-1.000000000000000000e+00
6.258508166905523140e-01,1.696489215401354549e-03,-1.000000000000000000e+00
-3.538844643008678265e-02,-1.328812042260673308e-02,-1.000000000000000000e+00
-2.993857323353057640e-02,3.283142096843665730e-02,-1.000000000000000000e+00
4.203980254590144461e-01,-1.662300012412740342e-03,-1.000000000000000000e+00
-1.295364918685402378e+00,-2.400836603537609068e-02,-1.000000000000000000e+00
-8.723979480835179767e-02,1.525377300721521799e-02,-1.000000000000000000e+00
3.516542986472684373e-01,2.037533900547423490e-02,-1.000000000000000000e+00
4.673215722859631049e-01,-9.538724010098380626e-03,-1.000000000000000000e+00
-6.138258973338358571e-01,1.299686380145167498e-03,-1.000000000000000000e+00
4.845143784735151948e-01,7.952450476318788028e-03,-1.000000000000000000e+00
-1.115166097710566934e-01,1.081452911247494236e-02,-1.000000000000000000e+00
8.253740829719528188e-03,5.480527100747743796e-02,-1.000000000000000000e+00
-1.018391741576482740e-01,3.819618306193445917e-02,-1.000000000000000000e+00
1.771218368916468167e-01,2.676677153162397571e-02,-1.000000000000000000e+00
-5.246432107919253296e-01,8.074205330304314032e-02,-1.000000000000000000e+00
-3.857496824294768811e-01,8.529200673100945443e-03,-1.000000000000000000e+00
-6.132313988625525125e-01,3.392646949110252746e-02,-1.000000000000000000e+00
5.142783291692987896e-02,2.114872046296420796e-02,-1.000000000000000000e+00
3.042524988362870220e-01,-7.423071819094606213e-03,-1.000000000000000000e+00
3.425773846462809025e-01,-9.437272717438905181e-03,-1.000000000000000000e+00
3.339018339942139701e-01,3.606163816741927465e-03,-1.000000000000000000e+00
1.449219205311210734e-01,-8.908803825723654243e-03,-1.000000000000000000e+00
-4.929178301940797535e-01,-1.744959750189804121e-02,-1.000000000000000000e+00
3.837510690250715562e-01,1.667596846174776090e-02,-1.000000000000000000e+00
6.822056224330604879e-01,-7.594276801989680026e-03,-1.000000000000000000e+00
-5.487270192054707341e-01,3.413524243481042691e-02,-1.000000000000000000e+00
3.899166243314901581e-01,-2.269480840297544155e-02,-1.000000000000000000e+00
-2.645730174884084462e-01,5.714959436299206497e-02,-1.000000000000000000e+00
3.588473025131473926e-01,5.895963287424306302e-03,-1.000000000000000000e+00
6.460461236955561404e-01,-7.664297051009131417e-03,-1.000000000000000000e+00
-3.840106603326342571e-01,2.667580107251116966e-03,-1.000000000000000000e+00
-3.589754784064466686e-01,-5.747089620600805485e-03,-1.000000000000000000e+00
3.301020203568257733e-02,2.378523896417719847e-04,-1.000000000000000000e+00
-5.476761374813004374e-02,3.899800119259940172e-03,-1.000000000000000000e+00
-9.572435749017720041e-03,2.798047886666898965e-02,-1.000000000000000000e+00
-1.419126921277320319e+00,-4.309997933578734591e-02,-1.000000000000000000e+00
1.765369358820895740e-01,1.368597784380769147e-03,-1.000000000000000000e+00
4.649629857482785456e-01,1.844304124447362567e-02,-1.000000000000000000e+00
-5.708867142694067087e-02,3.847210898362881520e-02,-1.000000000000000000e+00
-2.514233841207333224e-03,1.400094131536739825e-02,-1.000000000000000000e+00
-1.365233205960064256e+00,-2.647739858463185169e-03,-1.000000000000000000e+00
2.288900733898065476e-01,1.395065099897630119e-02,-1.000000000000000000e+00
-4.057157145484685534e-01,-3.700818910273387299e-03,-1.000000000000000000e+00
-7.666612627678793222e-03,1.246539049239442018e-03,-1.000000000000000000e+00
-3.121443125315769285e-01,-1.529916053758456108e-02,-1.000000000000000000e+00
-9.465001992667394781e-02,8.939264341291543181e-02,-1.000000000000000000e+00
2.782795004867306687e-01,-1.947352359375544364e-02,-1.000000000000000000e+00
-3.442094515519737441e-01,4.015297212922588205e-02,-1.000000000000000000e+00
-6.860994444474334264e-01,-4.106555109114930213e-02,-1.000000000000000000e+00
